title,url,discounted_price,original_price
SanDisk A1 32GB UHS-I / Class 10 up to 98MB / s Micro SDHC Memory Card EFM-530161,https://web.archive.org/web/20190225123327/https:/www.tinydeal.com/sandisk-a1-32gb-uhs-i-class-10-up-to-98mb-s-micro-sdhc-memory-card-p-165914.html,$6.72,$12.09 
18g Super Strong Sealant Fix Metal Adhesive Sealing Glue Bond HHI-557389,https://web.archive.org/web/20190225123327/https:/www.tinydeal.com/18g-super-strong-sealant-fix-metal-adhesive-sealing-glue-bond-p-177571.html,$1.40,$3.76 
64GB USB 2.0 Flash Drive USB Pen Drive U Disk EFM-561923,https://web.archive.org/web/20190225123327/https:/www.tinydeal.com/64gb-usb-20-flash-drive-usb-pen-drive-u-disk-p-178875.html,$6.42,$19.08 
1/2/4 pcs Original Xiaomi WIFI Amplifier 2 300Mbps Wireless Wi-Fi Extender E-523361,https://web.archive.org/web/20190225123327/https:/www.tinydeal.com/124-pcs-original-xiaomi-wifi-amplifier-2-300mbps-wireless-wi-fi-extender-p-163175.html,$7.98,$17.88 
"8.5"" LCD Writing Tablet of Environmental Protection Drawing Board Gifts f Kids TTH-530169",https://web.archive.org/web/20190225123327/https:/www.tinydeal.com/85-lcd-writing-tablet-of-environmental-protection-drawing-board-gifts-f-kids-p-166085.html,$7.63,$18.09 
ESTRELLA  32G USB2.0 High Speed Mini Flash Drive Waterproof USB EUD-555514,https://web.archive.org/web/20190225123327/https:/www.tinydeal.com/estrella-32g-usb20-high-speed-mini-flash-drive-waterproof-usb-p-176841.html,$5.45,$13.87 
128GB PU Leather USB 3.0 Flash Drive ECA-564315,https://web.archive.org/web/20190225123327/https:/www.tinydeal.com/128gb-pu-leather-usb-30-flash-drive-p-179961.html,$14.15,$19.04 
H96 MAX RK3328 Quad Core 4G + 32G Android 8.1 HD Smart TV Box E-556636,https://web.archive.org/web/20190225123327/https:/www.tinydeal.com/h96-max-rk3328-quad-core-4g-32g-android-81-hd-smart-tv-box-p-177442.html,$50.33,$125.82 
SanDisk A1 64GB UHS-I / Class 10 up to 98MB / s Micro SDHC Memory Card EFM-530162,https://web.archive.org/web/20190225123327/https:/www.tinydeal.com/sandisk-a1-64gb-uhs-i-class-10-up-to-98mb-s-micro-sdhc-memory-card-p-165915.html,$11.05,$19.66 
M3 Smart bracelet Color Screen Band Heart Rate Monitor Blood pressure E-556947,https://web.archive.org/web/20190225123327/https:/www.tinydeal.com/m3-smart-bracelet-color-screen-band-heart-rate-monitor-blood-pressure-p-177542.html,$9.78,$18.95 
1/2/5/10 pcs Teflon Gas Hob Oil Protector Liner Reusable Stove Clean Mat Pad HHI-549769,https://web.archive.org/web/20190225123327/https:/www.tinydeal.com/12510-pcs-teflon-gas-hob-oil-protector-liner-reusable-stove-clean-mat-pad-p-175005.html,$1.16,$4.38 
i7 TWS Bluetooth V4.2 Earphones with Charging Case EEP-550657-C9,https://web.archive.org/web/20190225123327/https:/www.tinydeal.com/i7-tws-bluetooth-v42-earphones-with-charging-case-p-176828.html,$7.63,$18.96 
Mini 1200LM LED USB Rechargeable Tactical Flashlight HLT-521145-C3,https://web.archive.org/web/20190225123327/https:/www.tinydeal.com/mini-1200lm-led-usb-rechargeable-tactical-flashlight-p-162832.html,$4.41,$13.24 
6pcs 6-Layer Razor Blades + Shaver Handle HHI-557375,https://web.archive.org/web/20190225123327/https:/www.tinydeal.com/6pcs-6-layer-razor-blades-shaver-handle-p-178095.html,$3.32,$6.66 
H96 MAX RK3328 Quad Core 4GB + 64GB Android 8.1 HD Smart TV Box E-556632,https://web.archive.org/web/20190225123327/https:/www.tinydeal.com/h96-max-rk3328-quad-core-4gb-64gb-android-81-hd-smart-tv-box-p-177441.html,$59.29,$150.05 
1/2/5 pcs 220-240V E27 18W 1650LM 56-LED SMD 5630 LED Corn Bulb HLT-363829-D1,https://web.archive.org/web/20190225123327/https:/www.tinydeal.com/125-pcs-220-240v-e27-18w-1650lm-56-led-smd-5630-led-corn-bulb-p-160170.html,$2.16,$3.73 
Neoprene Short Beach Socks Diving Socks Non-Slip Antiskid Scuba Dive Boots SGD-548443,https://web.archive.org/web/20190225123327/https:/www.tinydeal.com/neoprene-short-beach-socks-diving-socks-non-slip-antiskid-scuba-dive-boots-p-174657.html,$2.40,$3.66 
SAMSUNG 128GB EVO Plus Micro SDXC UHS-3 Memory Card EFM-530211,https://web.archive.org/web/20190225123327/https:/www.tinydeal.com/samsung-128gb-evo-plus-micro-sdxc-uhs-3-memory-card-p-166045.html,$27.79,$88.59 
i9s TWS Bluetooth V5.0 Earphones with Charging Case EPA-563569,https://web.archive.org/web/20190225123327/https:/www.tinydeal.com/i9s-tws-bluetooth-v50-earphones-with-charging-case-p-179388.html,$12.65,$19.52 
"Cevapro Cycling Gloves, Touchscreen Winter Gloves Thicken Warm Gloves SBK-559709",https://web.archive.org/web/20190225123327/https:/www.tinydeal.com/cevapro-cycling-gloves-touchscreen-winter-gloves-thicken-warm-gloves-p-178385.html,$6.75,$8.76 
S6 Sport Bluetooth Wireless Headphones Earbuds with Mic EEP-556228,https://web.archive.org/web/20190225123327/https:/www.tinydeal.com/s6-sport-bluetooth-wireless-headphones-earbuds-with-mic-p-177327.html,$3.30,$7.85 
20mm x 3M/Roll Luminous Tape Self-adhesive Glow In The Dark Safety Stage Tape HHI-540155,https://web.archive.org/web/20190225123327/https:/www.tinydeal.com/20mm-x-3mroll-luminous-tape-self-adhesive-glow-in-the-dark-safety-stage-tape-p-171138.html,$1.86,$3.58 
Q18(Apro) Smart Watch Phone Curve Screen 1.3MP Camera Pedometer Sleep Monitor E-486140-C3,https://web.archive.org/web/20190225123327/https:/www.tinydeal.com/q18apro-smart-watch-phone-curve-screen-13mp-camera-pedometer-sleep-monitor-p-160327.html,$10.80,$18.95 
Multifunction Waterproof Silicone Performance Repair Bonding Rescue WireTape HHI-543537,https://web.archive.org/web/20190225123327/https:/www.tinydeal.com/multifunction-waterproof-silicone-performance-repair-bonding-rescue-wiretape-p-172852.html,$2.15,$3.33 
2-In-1 SD/ TF Card Reader with USB/ Micro-USB OTG Adapter EPA-558805,https://web.archive.org/web/20190225123327/https:/www.tinydeal.com/2-in-1-sd-tf-card-reader-with-usb-micro-usb-otg-adapter-p-177894.html,$2.35,$2.77 
Temperature Sensor Mini Digital LCD Thermometer Hygrometer EDT-561407,https://web.archive.org/web/20190225123327/https:/www.tinydeal.com/temperature-sensor-mini-digital-lcd-thermometer-hygrometer-p-178980.html,$1.92,$5.78 
K2 Colorful Screen Heart Rate Smart Bracelet IP68 Waterproof Long Standby Time E-542111-C78,https://web.archive.org/web/20190225123327/https:/www.tinydeal.com/k2-colorful-screen-heart-rate-smart-bracelet-ip68-waterproof-long-standby-time-p-176976.html,$29.64,$61.32 
Euro Plug 3-USB Ports Smart Fast Charger Power Adapter EPACG-548181,https://web.archive.org/web/20190225123327/https:/www.tinydeal.com/euro-plug-3-usb-ports-smart-fast-charger-power-adapter-p-174743.html,$2.16,$4.83 
32GB Class 10 Micro SD Card with Card Adapter - Yellow EFM-558763,https://web.archive.org/web/20190225123327/https:/www.tinydeal.com/32gb-class-10-micro-sd-card-with-card-adapter-yellow-p-177911.html,$4.90,$7.00 
Titan Gel Big Dick Herbal Enlargement NMS-546676,https://web.archive.org/web/20190225123327/https:/www.tinydeal.com/titan-gel-big-dick-herbal-enlargement-p-174285.html,$3.09,$4.53 
Type-C to USB 3.0 Type A OTG Adapter ECACR-562051,https://web.archive.org/web/20190225123327/https:/www.tinydeal.com/type-to-usb-30-type-a-otg-adapter-p-178935.html,$0.90,$6.61 
ESTRELLA  64G USB2.0 High Speed Mini Flash Drive Waterproof USB EUD-555517,https://web.archive.org/web/20190225123327/https:/www.tinydeal.com/estrella-64g-usb20-high-speed-mini-flash-drive-waterproof-usb-p-176843.html,$10.64,$19.49 
Multi-functional Ultralight Folding Portable Credit Card Knives S-523865,https://web.archive.org/web/20190225123327/https:/www.tinydeal.com/multi-functional-ultralight-folding-portable-credit-card-knives-p-163478.html,$0.95,$2.88 
Stainless Steel Digital Alarm Stopwatch Wrist Watch Excellent Wristwatch WWT-557947,https://web.archive.org/web/20190225123327/https:/www.tinydeal.com/stainless-steel-digital-alarm-stopwatch-wrist-watch-excellent-wristwatch-p-177604.html,$2.81,$6.22 
Smart Swab Ear Wax Removal Swab Cleaner System w 16 Replacement Heads HHI-558029,https://web.archive.org/web/20190225123327/https:/www.tinydeal.com/smart-swab-ear-wax-removal-swab-cleaner-system-w-16-replacement-heads-p-177811.html,$2.34,$8.99 
1/2/4 Set of 25-in-1 Screwdrivers with Storage Head Screwdriver Repair Tool Set HHI-530590,https://web.archive.org/web/20190225123327/https:/www.tinydeal.com/124-set-of-25-in-1-screwdrivers-with-storage-head-screwdriver-repair-tool-set-p-165953.html,$4.64,$6.30 
360 WiFi 3 Generation Wireless Wifi Repeater EDT-561481,https://web.archive.org/web/20190225123327/https:/www.tinydeal.com/360-wifi-3-generation-wireless-wifi-repeater-p-178760.html,$2.60,$6.89 
Universal 3.5mm IR Remote Control EPA-557485,https://web.archive.org/web/20190225123327/https:/www.tinydeal.com/universal-35mm-ir-remote-control-p-178098.html,$1.16,$4.76 
1/4/10 pcs 3M VHB Double Sided Adhesive Acrylic Foam Tape Scotch Tape RTH-545063,https://web.archive.org/web/20190225123327/https:/www.tinydeal.com/1410-pcs-3m-vhb-double-sided-adhesive-acrylic-foam-tape-scotch-tape--p-173455.html,$1.87,$3.48 
Tea Strainer Silicone Coffee & Tea Sets Teapot Accessories Tea tool Tea Infuse HHI-561835,https://web.archive.org/web/20190225123327/https:/www.tinydeal.com/tea-strainer-silicone-coffee-tea-sets-teapot-accessories-tea-tool-tea-infuse-p-179101.html,$2.40,$5.95 
Pair of FXT Ankle-Compression Socks HHI-557139,https://web.archive.org/web/20190225123327/https:/www.tinydeal.com/pair-of-fxt-ankle-compression-socks-p-178050.html,$1.83,$3.80 
M5 Magnetic Sports BT 4.1 Waterproof Sports Earphones EEP-560947,https://web.archive.org/web/20190225123327/https:/www.tinydeal.com/m5-magnetic-sports-bt-41-waterproof-sports-earphones-p-178778.html,$3.00,$6.66 
64GB PU Leather USB 3.0 Flash Drive ECA-564314,https://web.archive.org/web/20190225123327/https:/www.tinydeal.com/64gb-pu-leather-usb-30-flash-drive-p-179960.html,$8.36,$15.95 
Mini Camera SQ11 Night Vision FOV140 1080P DV Video Recorder EVC-558775,https://web.archive.org/web/20190225123327/https:/www.tinydeal.com/mini-camera-sq11-night-vision-fov140-1080p-dv-video-recorder-p-179706.html,$8.94,$16.69 
Mini LED Key Finder Locator Find Lost Keys Chain Keychain Whistle Sound Control HHI-534396,https://web.archive.org/web/20190225123327/https:/www.tinydeal.com/mini-led-key-finder-locator-find-lost-keys-chain-keychain-whistle-sound-control-p-170166.html,$1.46,$3.12 
1/2 pcs Standard 1M Magnetic Charge Cable + Detachable Micro USB Metal Plug EPACB-487297,https://web.archive.org/web/20190225123327/https:/www.tinydeal.com/12-pcs-standard-1m-magnetic-charge-cable-detachable-micro-usb-metal-plug-p-156704.html,$2.73,$6.34 
Aluminum Cycling UV400 Polarized Sunglasses for Driving Cycling Running Golf HHI-558468,https://web.archive.org/web/20190225123327/https:/www.tinydeal.com/aluminum-cycling-uv400-polarized-sunglasses-for-driving-cycling-running-golf-p-178016.html,$3.61,$4.58 
Dual Arc Plasma USB Rechargeable Lighter HHI-554727,https://web.archive.org/web/20190225123327/https:/www.tinydeal.com/dual-arc-plasma-usb-rechargeable-lighter-p-176778.html,$8.64,$18.09 
I9 TWS Bluetooth V4.2 Earphones with Magnetic Charging Case EEP-556241,https://web.archive.org/web/20190225123327/https:/www.tinydeal.com/i9-tws-bluetooth-v42-earphones-with-magnetic-charging-case-p-177357.html,$11.69,$15.77 
8 LEDs USB Night Light for Laptop Keyboard EDT-562699,https://web.archive.org/web/20190225123327/https:/www.tinydeal.com/8-leds-usb-night-light-for-laptop-keyboard-p-179185.html,$1.70,$6.44 
I9 Fitness Tracker Smart Bracelet IP68 Heart Rate Blood Pressure Wristband E-545002-C18,https://web.archive.org/web/20190225123327/https:/www.tinydeal.com/i9-fitness-tracker-smart-bracelet-ip68-heart-rate-blood-pressure-wristband-p-176991.html,$11.02,$18.19 
GM320 Infrared Thermometer Non-Contact Laser Gun IR Thermometer EDT-528767,https://web.archive.org/web/20190225123327/https:/www.tinydeal.com/gm320-infrared-thermometer-non-contact-laser-gun-ir-thermometer-p-165306.html,$9.30,$18.51 
Adjustable Dial Vision -6D to +3D Myopia Eye Glasses EDT-555493,https://web.archive.org/web/20190225123327/https:/www.tinydeal.com/adjustable-dial-vision-6d-to-3d-myopia-eye-glasses-p-176913.html,$7.73,$16.17 
Shield 1080P Car DVR Night Vision Dashboard Video Recorder with G-sensor RCM-536805-C3,https://web.archive.org/web/20190225123327/https:/www.tinydeal.com/shield-1080p-car-dvr-night-vision-dashboard-video-recorder-with-g-sensor-p-170752.html,$12.02,$17.63 
Original Xiaomi Piston Dazzle Edition Earphones with Mic EEP-455477-C3,https://web.archive.org/web/20190225123327/https:/www.tinydeal.com/original-xiaomi-piston-dazzle-edition-earphones-with-mic-p-160055.html,$5.84,$6.71 
L-Line Magnetic Charging Cable 90 Degree LED Cable for iPhone EPACB-559659,https://web.archive.org/web/20190225123327/https:/www.tinydeal.com/l-line-magnetic-charging-cable-90-degree-led-cable-for-iphone-p-178373.html,$5.81,$6.22 
